Frame,Time,LinearDisplacement3,LinearDisplacement4,AngularDisplacement2,AngularVelocity1,AngularVelocity2,AngularVelocity3
1,0.000,5.0000E+03,5.0000E+03,9.0000E+01,0.0000E+00,0.0000E+00,0.0000E+00
2,0.011,5.0000E+03,5.0000E+03,9.0380E+01,-5.9286E-02,-3.5466E-06,-3.5466E-06
3,0.021,4.9999E+03,5.0000E+03,9.2360E+01,4.9060E-04,2.0399E-05,2.0404E-05
4,0.032,4.9998E+03,5.0000E+03,9.2145E+01,4.2278E-03,2.7195E-05,2.7195E-05
5,0.040,4.9997E+03,5.0000E+03,9.2012E+01,3.3783E-02,3.2329E-05,3.2329E-05
6,0.042,4.9996E+03,5.0000E+03,9.1981E+01,1.3922E-03,3.3016E-05,3.3026E-05
7,0.052,4.9994E+03,5.0000E+03,9.1866E+01,2.9571E-04,3.8594E-05,3.8595E-05
8,0.062,4.9992E+03,5.0000E+03,9.1826E+01,2.2392E-03,4.5089E-05,4.5087E-05
9,0.072,4.9989E+03,5.0000E+03,9.1637E+01,-8.5439E-05,4.6979E-05,4.6961E-05
10,0.080,4.9986E+03,5.0000E+03,9.1822E+01,4.4871E-03,5.8358E-05,5.8358E-05
11,0.082,4.9985E+03,5.0000E+03,9.1803E+01,-2.7549E-02,5.8962E-05,5.8969E-05
12,0.092,4.9982E+03,5.0000E+03,9.1253E+01,4.1528E-05,4.2666E-05,4.2654E-05
13,0.102,4.9977E+03,5.0000E+03,9.1115E+01,5.5369E-05,4.2362E-05,4.2362E-05
14,0.112,4.9972E+03,5.0000E+03,9.1190E+01,-5.8919E-03,4.9633E-05,4.9623E-05
15,0.120,4.9968E+03,5.0000E+03,9.1188E+01,1.9735E-03,5.2943E-05,5.2943E-05
16,0.122,4.9967E+03,5.0000E+03,9.1188E+01,3.7114E-02,5.3954E-05,5.3962E-05
17,0.133,4.9961E+03,5.0000E+03,9.1148E+01,2.0310E-03,5.6546E-05,5.6546E-05
18,0.143,4.9955E+03,5.0000E+03,9.1115E+01,6.7271E-05,5.9164E-05,5.9168E-05
19,0.153,4.9949E+03,5.0000E+03,9.1213E+01,7.4395E-05,6.8934E-05,6.8934E-05
20,0.160,4.9944E+03,5.0000E+03,9.1170E+01,7.7110E-05,6.9651E-05,6.9651E-05
21,0.163,4.9942E+03,5.0000E+03,9.1208E+01,7.0630E-03,7.3128E-05,7.3139E-05
22,0.173,4.9935E+03,5.0000E+03,9.1321E+01,8.2108E-05,8.4662E-05,8.4662E-05
23,0.183,4.9927E+03,5.0000E+03,9.1454E+01,1.2086E-04,9.8709E-05,9.8709E-05
24,0.193,4.9919E+03,5.0000E+03,9.1598E+01,-3.7537E-03,1.1444E-04,1.1444E-04
25,0.200,4.9912E+03,5.0000E+03,9.1514E+01,9.1541E-05,1.1246E-04,1.1246E-04
26,0.203,4.9910E+03,5.0000E+03,9.1510E+01,1.2959E-03,1.1392E-04,1.1392E-04
27,0.214,4.9900E+03,5.0000E+03,9.1649E+01,9.5773E-05,1.3130E-04,1.3130E-04
28,0.224,4.9890E+03,5.0000E+03,9.1580E+01,-6.3015E-03,1.3174E-04,1.3173E-04
29,0.234,4.9880E+03,5.0000E+03,9.1672E+01,1.0390E-04,1.4568E-04,1.4568E-04
30,0.240,4.9874E+03,5.0000E+03,9.1702E+01,1.1728E-04,1.5201E-04,1.5201E-04
31,0.244,4.9869E+03,5.0000E+03,9.1844E+01,3.1081E-02,1.6763E-04,1.6763E-04
32,0.254,4.9859E+03,5.0000E+03,9.1947E+01,-2.6457E-02,1.8439E-04,1.8438E-04
33,0.264,4.9847E+03,5.0000E+03,9.1950E+01,-2.2340E-03,1.9210E-04,1.9207E-04
34,0.274,4.9835E+03,5.0000E+03,9.1858E+01,1.1994E-04,1.9019E-04,1.9019E-04
35,0.280,4.9828E+03,5.0000E+03,9.1754E+01,2.1343E-04,1.8358E-04,1.8358E-04
36,0.284,4.9823E+03,5.0000E+03,9.1773E+01,8.7460E-03,1.8846E-04,1.8846E-04
37,0.294,4.9810E+03,5.0000E+03,9.1892E+01,-1.2362E-02,2.0839E-04,2.0837E-04
38,0.304,4.9797E+03,5.0000E+03,9.1888E+01,1.3984E-04,2.1517E-04,2.1517E-04
39,0.314,4.9784E+03,5.0000E+03,9.1905E+01,2.0391E-06,2.2416E-04,2.2416E-04
40,0.320,4.9776E+03,5.0000E+03,9.1900E+01,-9.2088E-03,2.2762E-04,2.2762E-04
41,0.324,4.9770E+03,5.0000E+03,9.1884E+01,4.0755E-03,2.2884E-04,2.2884E-04
42,0.334,4.9755E+03,5.0000E+03,9.1858E+01,-1.9371E-03,2.3271E-04,2.3271E-04
43,0.345,4.9740E+03,5.0000E+03,9.1887E+01,1.4876E-04,2.4384E-04,2.4384E-04
44,0.355,4.9725E+03,5.0000E+03,9.1995E+01,-1.6345E-02,2.6571E-04,2.6567E-04
45,0.360,4.9716E+03,5.0000E+03,9.1741E+01,1.6746E-04,2.3556E-04,2.3556E-04
46,0.365,4.9709E+03,5.0000E+03,9.1660E+01,1.8367E-03,2.2794E-04,2.2794E-04
47,0.375,4.9693E+03,5.0000E+03,9.1631E+01,1.4995E-03,2.3030E-04,2.3030E-04
48,0.385,4.9676E+03,5.0000E+03,9.1721E+01,2.1885E-04,2.5034E-04,2.5034E-04
49,0.395,4.9658E+03,5.0000E+03,9.1686E+01,1.1180E-04,2.5247E-04,2.5247E-04
50,0.400,4.9650E+03,5.0000E+03,9.1653E+01,1.6483E-04,2.5046E-04,2.5046E-04
51,0.405,4.9640E+03,5.0000E+03,9.1642E+01,5.8806E-03,2.5244E-04,2.5244E-04
52,0.415,4.9622E+03,5.0000E+03,9.1325E+01,1.7301E-04,2.0887E-04,2.0887E-04
53,0.425,4.9604E+03,5.0000E+03,9.1226E+01,2.2965E-04,1.9851E-04,1.9852E-04
54,0.435,4.9585E+03,5.0000E+03,9.1350E+01,-1.1141E-01,2.2394E-04,2.2394E-04
55,0.440,4.9576E+03,5.0000E+03,9.1410E+01,7.6492E-03,2.3672E-04,2.3672E-04
56,0.446,4.9565E+03,5.0000E+03,9.1269E+01,-2.9734E-05,2.1586E-04,2.1586E-04
57,0.456,4.9544E+03,5.0000E+03,9.1131E+01,2.3377E-04,1.9717E-04,1.9717E-04
58,0.466,4.9524E+03,5.0000E+03,9.1066E+01,-2.7240E-05,1.9108E-04,1.9108E-04
59,0.477,4.9503E+03,5.0000E+03,9.1168E+01,1.9401E-04,2.1402E-04,2.1402E-04
60,0.480,4.9496E+03,5.0000E+03,9.1078E+01,3.3258E-04,1.9907E-04,1.9907E-04
61,0.487,4.9482E+03,5.0000E+03,9.1101E+01,1.1320E-05,2.0634E-04,2.0634E-04
62,0.497,4.9459E+03,5.0000E+03,9.1162E+01,1.9483E-04,2.2325E-04,2.2325E-04
63,0.507,4.9437E+03,5.0000E+03,9.1007E+01,2.9556E-03,1.9799E-04,1.9799E-04
64,0.517,4.9415E+03,5.0000E+03,9.0979E+01,1.1929E-03,1.9687E-04,1.9687E-04
65,0.520,4.9408E+03,5.0000E+03,9.0977E+01,2.5833E-04,1.9763E-04,1.9763E-04
66,0.527,4.9392E+03,5.0000E+03,9.0860E+01,3.0657E-03,1.7640E-04,1.7640E-04
67,0.537,4.9368E+03,5.0000E+03,9.0837E+01,-5.3121E-02,1.7514E-04,1.7513E-04
68,0.547,4.9344E+03,5.0000E+03,9.0748E+01,2.1588E-04,1.6078E-04,1.6078E-04
69,0.557,4.9320E+03,5.0000E+03,9.0682E+01,2.1291E-04,1.4978E-04,1.4978E-04
70,0.560,4.9313E+03,5.0000E+03,9.0668E+01,2.6995E-04,1.4733E-04,1.4733E-04
71,0.567,4.9295E+03,5.0000E+03,9.0688E+01,4.4234E-03,1.5446E-04,1.5446E-04
72,0.577,4.9270E+03,5.0000E+03,9.0516E+01,-1.1012E-02,1.1853E-04,1.1853E-04
73,0.588,4.9242E+03,5.0000E+03,9.0479E+01,2.7567E-04,1.1271E-04,1.1271E-04
74,0.598,4.9216E+03,5.0000E+03,9.0467E+01,2.3963E-04,1.1229E-04,1.1229E-04
75,0.600,4.9212E+03,5.0000E+03,9.0465E+01,2.3308E-04,1.1218E-04,1.1218E-04
76,0.608,4.9189E+03,5.0000E+03,9.0522E+01,2.3688E-04,1.2778E-04,1.2778E-04
77,0.619,4.9163E+03,5.0000E+03,9.0538E+01,-1.7633E-02,1.3476E-04,1.3476E-04
78,0.629,4.9135E+03,5.0000E+03,9.0540E+01,3.1289E-04,1.3850E-04,1.3849E-04
79,0.639,4.9107E+03,5.0000E+03,9.0502E+01,2.5120E-04,1.3158E-04,1.3158E-04
80,0.640,4.9103E+03,5.0000E+03,9.0500E+01,2.4596E-04,1.3147E-04,1.3147E-04
81,0.649,4.9079E+03,5.0000E+03,9.0469E+01,8.4328E-03,1.2518E-04,1.2518E-04
82,0.659,4.9049E+03,5.0000E+03,9.0460E+01,8.0352E-04,1.2571E-04,1.2571E-04
83,0.669,4.9020E+03,5.0000E+03,9.0149E+01,3.0596E-04,4.1669E-05,4.1669E-05
84,0.679,4.8991E+03,5.0000E+03,9.0139E+01,2.7278E-04,3.9716E-05,3.9716E-05
85,0.680,4.8988E+03,5.0000E+03,9.0138E+01,3.4336E-04,3.9380E-05,3.9380E-05
86,0.689,4.8960E+03,5.0000E+03,9.0043E+01,2.7719E-04,1.2655E-05,1.2655E-05
87,0.699,4.8930E+03,5.0000E+03,9.0020E+01,9.5374E-03,6.1410E-06,6.1419E-06
88,0.709,4.8899E+03,5.0000E+03,8.9965E+01,2.9376E-04,-1.0875E-05,-1.0875E-05
89,0.719,4.8868E+03,5.0000E+03,8.9856E+01,5.9271E-03,-4.5023E-05,-4.5023E-05
90,0.720,4.8865E+03,5.0000E+03,8.9868E+01,-8.1562E-04,-4.1238E-05,-4.1238E-05
91,0.729,4.8836E+03,5.0000E+03,8.9831E+01,3.0045E-04,-5.3713E-05,-5.3713E-05
92,0.741,4.8800E+03,5.0000E+03,8.9775E+01,2.9142E-04,-7.3731E-05,-7.3731E-05
93,0.751,4.8767E+03,5.0000E+03,8.9765E+01,7.0943E-04,-7.8466E-05,-7.8466E-05
94,0.760,4.8736E+03,5.0000E+03,8.9797E+01,4.5992E-04,-6.8708E-05,-6.8708E-05
95,0.761,4.8734E+03,5.0000E+03,8.9769E+01,1.5784E-02,-7.8335E-05,-7.8335E-05
96,0.771,4.8699E+03,5.0000E+03,8.9720E+01,3.0799E-04,-9.7812E-05,-9.7812E-05
97,0.781,4.8665E+03,5.0000E+03,8.9727E+01,4.6328E-05,-9.7176E-05,-9.7176E-05
98,0.791,4.8630E+03,5.0000E+03,8.9704E+01,8.9999E-03,-1.0835E-04,-1.0835E-04
99,0.800,4.8599E+03,5.0000E+03,8.9689E+01,1.3950E-02,-1.1677E-04,-1.1677E-04
100,0.801,4.8594E+03,5.0000E+03,8.9677E+01,3.1158E-04,-1.2175E-04,-1.2175E-04
101,0.813,4.8552E+03,5.0000E+03,8.9640E+01,2.9273E-04,-1.3976E-04,-1.3976E-04
102,0.824,4.8515E+03,5.0000E+03,8.9624E+01,-9.6865E-04,-1.5054E-04,-1.5054E-04
103,0.835,4.8475E+03,5.0000E+03,8.9419E+01,-4.0568E-04,-2.3815E-04,-2.3815E-04
104,0.840,4.8455E+03,5.0000E+03,8.9405E+01,4.1885E-03,-2.4556E-04,-2.4556E-04
105,0.845,4.8438E+03,5.0000E+03,8.9381E+01,-3.6394E-03,-2.5737E-04,-2.5737E-04
106,0.855,4.8400E+03,5.0000E+03,8.9162E+01,-2.4587E-04,-3.5393E-04,-3.5393E-04
107,0.865,4.8363E+03,5.0000E+03,8.9108E+01,4.7783E-03,-3.8191E-04,-3.8191E-04
108,0.875,4.8324E+03,5.0000E+03,8.9070E+01,-6.2924E-04,-4.0714E-04,-4.0714E-04
109,0.880,4.8305E+03,5.0000E+03,8.9090E+01,3.4402E-04,-4.0180E-04,-4.0180E-04
110,0.885,4.8286E+03,5.0000E+03,8.8994E+01,-1.3870E-02,-4.4753E-04,-4.4753E-04
111,0.895,4.8247E+03,5.0000E+03,8.8941E+01,1.4835E-04,-4.8063E-04,-4.8063E-04
112,0.905,4.8207E+03,5.0000E+03,8.8850E+01,1.6161E-03,-5.3177E-04,-5.3177E-04
113,0.915,4.8167E+03,5.0000E+03,8.8826E+01,1.2445E-03,-5.5277E-04,-5.5277E-04
114,0.920,4.8147E+03,5.0000E+03,8.8780E+01,3.5931E-04,-5.7923E-04,-5.7923E-04
115,0.925,4.8127E+03,5.0000E+03,8.8720E+01,-2.9393E-02,-6.1194E-04,-6.1194E-04
116,0.935,4.8086E+03,5.0000E+03,8.8731E+01,3.5628E-04,-6.2293E-04,-6.2293E-04
117,0.945,4.8044E+03,5.0000E+03,8.8660E+01,-5.4449E-03,-6.6689E-04,-6.6689E-04
118,0.955,4.8003E+03,5.0000E+03,8.8625E+01,2.1927E-04,-6.9407E-04,-6.9407E-04
119,0.960,4.7983E+03,5.0000E+03,8.8624E+01,3.7612E-04,-7.0227E-04,-7.0227E-04
120,0.965,4.7960E+03,5.0000E+03,8.8637E+01,3.4733E-04,-7.0058E-04,-7.0058E-04
121,0.975,4.7917E+03,5.0000E+03,8.8618E+01,2.2262E-04,-7.2351E-04,-7.2351E-04
122,0.985,4.7874E+03,5.0000E+03,8.8616E+01,6.2453E-04,-7.4252E-04,-7.4252E-04
123,0.995,4.7831E+03,5.0000E+03,8.8553E+01,6.9649E-03,-7.8806E-04,-7.8806E-04
124,1.000,4.7811E+03,5.0000E+03,8.8501E+01,-3.3977E-03,-8.2113E-04,-8.2113E-04
125,1.006,4.7787E+03,5.0000E+03,8.8519E+01,3.8746E-04,-8.1751E-04,-8.1751E-04
126,1.016,4.7742E+03,5.0000E+03,8.8445E+01,3.5769E-03,-8.7703E-04,-8.7703E-04
127,1.026,4.7696E+03,5.0000E+03,8.8371E+01,4.3275E-04,-9.3981E-04,-9.3981E-04
128,1.036,4.7651E+03,5.0000E+03,8.8309E+01,1.8291E-03,-9.8894E-04,-9.8894E-04
129,1.040,4.7632E+03,5.0000E+03,8.8303E+01,3.9581E-04,-9.9840E-04,-9.9840E-04
130,1.046,4.7605E+03,5.0000E+03,8.8283E+01,2.0384E-03,-1.0197E-03,-1.0197E-03
131,1.056,4.7559E+03,5.0000E+03,8.8335E+01,3.4275E-04,-1.0042E-03,-1.0042E-03
132,1.066,4.7512E+03,5.0000E+03,8.8289E+01,4.3984E-03,-1.0473E-03,-1.0473E-03
133,1.076,4.7465E+03,5.0000E+03,8.8235E+01,-5.5678E-03,-1.0951E-03,-1.0951E-03
134,1.080,4.7447E+03,5.0000E+03,8.8144E+01,1.1182E-01,-1.1552E-03,-1.1552E-03
135,1.086,4.7417E+03,5.0000E+03,8.8070E+01,-8.2648E-04,-1.2109E-03,-1.2109E-03
136,1.096,4.7369E+03,5.0000E+03,8.8138E+01,5.7795E-03,-1.1884E-03,-1.1884E-03
137,1.106,4.7321E+03,5.0000E+03,8.8043E+01,1.9875E-02,-1.2681E-03,-1.2681E-03
138,1.116,4.7272E+03,5.0000E+03,8.8031E+01,-2.1151E-03,-1.2955E-03,-1.2955E-03
139,1.120,4.7254E+03,5.0000E+03,8.8036E+01,-3.5723E-02,-1.3014E-03,-1.3014E-03
140,1.126,4.7223E+03,5.0000E+03,8.7987E+01,4.3443E-04,-1.3454E-03,-1.3454E-03
141,1.136,4.7173E+03,5.0000E+03,8.7870E+01,-3.1982E-03,-1.4482E-03,-1.4482E-03
142,1.146,4.7123E+03,5.0000E+03,8.7831E+01,-1.7747E-03,-1.5096E-03,-1.5096E-03
143,1.156,4.7073E+03,5.0000E+03,8.7852E+01,1.3015E-03,-1.5202E-03,-1.5202E-03
144,1.160,4.7055E+03,5.0000E+03,8.7854E+01,4.6495E-04,-1.5258E-03,-1.5258E-03
145,1.166,4.7022E+03,5.0000E+03,8.7832E+01,2.0912E-03,-1.5617E-03,-1.5617E-03
146,1.176,4.6971E+03,5.0000E+03,8.7645E+01,1.2667E-03,-1.7245E-03,-1.7245E-03
147,1.186,4.6919E+03,5.0000E+03,8.7573E+01,9.1384E-04,-1.8033E-03,-1.8033E-03
148,1.196,4.6867E+03,5.0000E+03,8.7466E+01,4.0912E-03,-1.9069E-03,-1.9069E-03
149,1.200,4.6848E+03,5.0000E+03,8.7445E+01,6.2233E-04,-1.9339E-03,-1.9339E-03
150,1.206,4.6814E+03,5.0000E+03,8.7395E+01,-2.7456E-03,-1.9917E-03,-1.9917E-03
151,1.217,4.6760E+03,5.0000E+03,8.7353E+01,6.0754E-04,-2.0512E-03,-2.0512E-03
152,1.227,4.6706E+03,5.0000E+03,8.7313E+01,1.0402E-02,-2.1413E-03,-2.1413E-03
153,1.237,4.6648E+03,5.0000E+03,8.7334E+01,4.6327E-04,-2.1908E-03,-2.1908E-03
154,1.240,4.6634E+03,5.0000E+03,8.7281E+01,4.5693E-04,-2.2362E-03,-2.2362E-03
155,1.247,4.6594E+03,5.0000E+03,8.7286E+01,-2.0970E-02,-2.2758E-03,-2.2758E-03
156,1.258,4.6539E+03,5.0000E+03,8.7131E+01,9.6802E-03,-2.4389E-03,-2.4389E-03
157,1.268,4.6483E+03,5.0000E+03,8.7067E+01,-6.2125E-03,-2.5490E-03,-2.5490E-03
158,1.278,4.6427E+03,5.0000E+03,8.6989E+01,2.0709E-03,-2.6483E-03,-2.6483E-03
159,1.280,4.6414E+03,5.0000E+03,8.6984E+01,1.0455E-03,-2.6610E-03,-2.6610E-03
160,1.288,4.6371E+03,5.0000E+03,8.6989E+01,7.8250E-04,-2.6846E-03,-2.6846E-03
161,1.298,4.6314E+03,5.0000E+03,8.6956E+01,-3.3036E-02,-2.7477E-03,-2.7477E-03
162,1.308,4.6256E+03,5.0000E+03,8.6863E+01,3.4461E-04,-2.8819E-03,-2.8819E-03
163,1.318,4.6198E+03,5.0000E+03,8.6908E+01,-1.3601E-02,-2.9157E-03,-2.9157E-03
164,1.320,4.6186E+03,5.0000E+03,8.6868E+01,1.6360E-02,-2.9611E-03,-2.9611E-03
165,1.328,4.6139E+03,5.0000E+03,8.6708E+01,6.8938E-04,-3.1660E-03,-3.1660E-03
166,1.338,4.6080E+03,5.0000E+03,8.6631E+01,2.1202E-02,-3.2803E-03,-3.2803E-03
167,1.348,4.6020E+03,5.0000E+03,8.6586E+01,-3.7572E-02,-3.3878E-03,-3.3878E-03
168,1.358,4.5961E+03,5.0000E+03,8.6475E+01,3.0777E-03,-3.5383E-03,-3.5383E-03
169,1.360,4.5952E+03,5.0000E+03,8.6512E+01,-1.1768E-03,-3.5053E-03,-3.5053E-03
170,1.369,4.5899E+03,5.0000E+03,8.6604E+01,3.1173E-04,-3.4437E-03,-3.4437E-03
171,1.379,4.5839E+03,5.0000E+03,8.7008E+01,-5.7403E-03,-3.0752E-03,-3.0752E-03
172,1.389,4.5778E+03,5.0000E+03,8.6886E+01,7.8814E-02,-3.2278E-03,-3.2278E-03
173,1.399,4.5717E+03,5.0000E+03,8.6951E+01,-1.7854E-03,-3.1922E-03,-3.1922E-03
174,1.400,4.5710E+03,5.0000E+03,8.6960E+01,7.6822E-03,-3.1868E-03,-3.1868E-03
175,1.409,4.5655E+03,5.0000E+03,8.6893E+01,-1.3822E-02,-3.2874E-03,-3.2874E-03
176,1.419,4.5593E+03,5.0000E+03,8.7294E+01,3.1958E-03,-2.8986E-03,-2.8986E-03
177,1.429,4.5530E+03,5.0000E+03,8.7586E+01,-4.0328E-03,-2.6124E-03,-2.6124E-03
178,1.439,4.5467E+03,5.0000E+03,8.6960E+01,1.8564E-04,-3.1397E-03,-3.1397E-03
179,1.440,4.5461E+03,5.0000E+03,8.6956E+01,-5.5118E-03,-3.1474E-03,-3.1474E-03
180,1.449,4.5404E+03,5.0000E+03,8.6932E+01,-2.2058E-02,-3.2268E-03,-3.2268E-03
181,1.459,4.5340E+03,5.0000E+03,8.6879E+01,-1.9756E-02,-3.3319E-03,-3.3319E-03
182,1.470,4.5270E+03,5.0000E+03,8.7227E+01,5.5724E-03,-2.7586E-03,-2.7586E-03
183,1.480,4.5206E+03,5.0000E+03,8.7099E+01,9.8073E-03,-2.9233E-03,-2.9233E-03
184,1.480,4.5205E+03,5.0000E+03,8.7108E+01,-3.4523E-02,-2.9146E-03,-2.9146E-03
185,1.490,4.5139E+03,5.0000E+03,8.7023E+01,2.4000E-04,-3.0789E-03,-3.0789E-03
186,1.500,4.5073E+03,5.0000E+03,8.7046E+01,1.0291E-02,-3.1577E-03,-3.1577E-03
187,1.510,4.5007E+03,5.0000E+03,8.6745E+01,7.1861E-03,-3.2634E-03,-3.2634E-03
188,1.520,4.4943E+03,5.0000E+03,8.6776E+01,-1.5755E-02,-3.2743E-03,-3.2743E-03
189,1.520,4.4940E+03,5.0000E+03,8.6770E+01,1.1915E-02,-3.2820E-03,-3.2820E-03
190,1.530,4.4873E+03,5.0000E+03,8.6504E+01,1.0871E-03,-3.3296E-03,-3.3296E-03
191,1.541,4.4805E+03,5.0000E+03,8.6550E+01,8.2200E-04,-3.3249E-03,-3.3249E-03
192,1.551,4.4738E+03,5.0000E+03,8.6572E+01,7.7024E-03,-3.3554E-03,-3.3554E-03
193,1.560,4.4673E+03,5.0000E+03,8.6541E+01,3.3604E-03,-3.4517E-03,-3.4517E-03
194,1.561,4.4669E+03,5.0000E+03,8.6539E+01,2.6358E-04,-3.4553E-03,-3.4553E-03
195,1.571,4.4601E+03,5.0000E+03,8.6550E+01,2.1039E-03,-3.5341E-03,-3.5341E-03
196,1.581,4.4531E+03,5.0000E+03,8.6552E+01,1.3479E-02,-3.5838E-03,-3.5838E-03
197,1.591,4.4462E+03,5.0000E+03,8.6572E+01,9.8330E-03,-3.6229E-03,-3.6229E-03
198,1.600,4.4397E+03,5.0000E+03,8.6637E+01,5.8627E-04,-3.6228E-03,-3.6228E-03
199,1.601,4.4392E+03,5.0000E+03,8.6637E+01,1.8824E-03,-3.6238E-03,-3.6238E-03
200,1.611,4.4320E+03,5.0000E+03,8.6653E+01,2.0839E-03,-3.6569E-03,-3.6569E-03
201,1.621,4.4248E+03,5.0000E+03,8.6391E+01,6.4941E-03,-3.7430E-03,-3.7430E-03
202,1.631,4.4176E+03,5.0000E+03,8.6545E+01,6.4901E-03,-3.6591E-03,-3.6591E-03
203,1.640,4.4113E+03,5.0000E+03,8.6041E+01,1.4676E-02,-3.7851E-03,-3.7851E-03
204,1.641,4.4105E+03,5.0000E+03,8.6027E+01,1.6634E-02,-3.8046E-03,-3.8046E-03
205,1.651,4.4032E+03,5.0000E+03,8.6255E+01,9.5415E-05,-3.8301E-03,-3.8301E-03
206,1.661,4.3960E+03,5.0000E+03,8.6215E+01,5.4523E-05,-3.9397E-03,-3.9397E-03
207,1.671,4.3887E+03,5.0000E+03,8.6298E+01,-1.1611E-02,-3.9747E-03,-3.9747E-03
208,1.680,4.3822E+03,5.0000E+03,8.6305E+01,1.2252E-02,-4.0198E-03,-4.0198E-03
209,1.682,4.3808E+03,5.0000E+03,8.6331E+01,-2.7001E-03,-4.0223E-03,-4.0223E-03
210,1.692,4.3734E+03,5.0000E+03,8.5864E+01,1.7593E-04,-4.0982E-03,-4.0982E-03
211,1.702,4.3659E+03,5.0000E+03,8.5843E+01,2.5772E-03,-4.1882E-03,-4.1882E-03
212,1.713,4.3574E+03,5.0000E+03,8.5969E+01,6.3621E-04,-4.3084E-03,-4.3084E-03
213,1.720,4.3525E+03,5.0000E+03,8.5108E+01,1.6269E-02,-4.4923E-03,-4.4923E-03
214,1.724,4.3498E+03,5.0000E+03,8.5048E+01,2.6335E-04,-4.5715E-03,-4.5715E-03
215,1.734,4.3422E+03,5.0000E+03,8.5238E+01,-3.3560E-03,-4.6457E-03,-4.6457E-03
216,1.744,4.3345E+03,5.0000E+03,8.5432E+01,-1.3124E-04,-4.6102E-03,-4.6102E-03
217,1.754,4.3268E+03,5.0000E+03,8.5353E+01,-3.0231E-05,-4.8009E-03,-4.8009E-03
218,1.760,4.3220E+03,5.0000E+03,8.5440E+01,4.5715E-03,-4.9032E-03,-4.9032E-03
219,1.764,4.3191E+03,5.0000E+03,8.5526E+01,4.7829E-03,-4.9509E-03,-4.9510E-03
220,1.774,4.3114E+03,5.0000E+03,8.5448E+01,6.8256E-03,-5.1149E-03,-5.1149E-03
221,1.784,4.3033E+03,5.0000E+03,8.4898E+01,7.5955E-03,-5.2886E-03,-5.2886E-03
222,1.794,4.2954E+03,5.0000E+03,8.4945E+01,5.6960E-03,-5.3841E-03,-5.3841E-03
223,1.800,4.2908E+03,5.0000E+03,8.4967E+01,5.4384E-03,-5.4479E-03,-5.4479E-03
224,1.804,4.2873E+03,5.0000E+03,8.4971E+01,2.5025E-04,-5.4855E-03,-5.4855E-03
225,1.814,4.2794E+03,5.0000E+03,8.4364E+01,-1.5237E-03,-5.5871E-03,-5.5871E-03
226,1.825,4.2714E+03,5.0000E+03,8.4548E+01,-6.9507E-04,-5.6654E-03,-5.6654E-03
227,1.835,4.2634E+03,5.0000E+03,8.4640E+01,4.4537E-04,-5.8270E-03,-5.8270E-03
228,1.840,4.2590E+03,5.0000E+03,8.4876E+01,1.9888E-06,-5.8463E-03,-5.8463E-03
229,1.845,4.2551E+03,5.0000E+03,8.4975E+01,-2.6748E-04,-5.8387E-03,-5.8387E-03
230,1.856,4.2458E+03,5.0000E+03,8.5285E+01,-1.1944E-04,-5.9312E-03,-5.9312E-03
231,1.866,4.2376E+03,5.0000E+03,8.4536E+01,7.6481E-03,-6.0494E-03,-6.0495E-03
232,1.876,4.2294E+03,5.0000E+03,8.4606E+01,1.4399E-02,-6.0907E-03,-6.0907E-03
233,1.880,4.2264E+03,5.0000E+03,8.4622E+01,8.6794E-04,-6.1391E-03,-6.1391E-03
234,1.886,4.2211E+03,5.0000E+03,8.4674E+01,2.4761E-03,-6.1567E-03,-6.1567E-03
235,1.897,4.2128E+03,5.0000E+03,8.4646E+01,-5.2746E-03,-6.2775E-03,-6.2775E-03
236,1.908,4.2033E+03,5.0000E+03,8.4228E+01,7.1427E-03,-6.4051E-03,-6.4051E-03
237,1.918,4.1949E+03,5.0000E+03,8.4221E+01,4.8813E-03,-6.5103E-03,-6.5103E-03
238,1.920,4.1932E+03,5.0000E+03,8.4373E+01,7.3123E-04,-6.5124E-03,-6.5124E-03
239,1.928,4.1864E+03,5.0000E+03,8.3411E+01,-4.8519E-04,-6.7547E-03,-6.7547E-03
240,1.938,4.1779E+03,5.0000E+03,8.3547E+01,-1.7069E-02,-6.9007E-03,-6.9007E-03
241,1.950,4.1681E+03,5.0000E+03,8.4065E+01,-4.8673E-04,-6.9101E-03,-6.9101E-03
242,1.960,4.1595E+03,5.0000E+03,8.2839E+01,1.4184E-02,-6.9883E-03,-6.9883E-03
243,1.960,4.1592E+03,5.0000E+03,8.2826E+01,1.4764E-02,-7.0052E-03,-7.0052E-03
244,1.970,4.1509E+03,5.0000E+03,8.2928E+01,-1.9774E-03,-7.1586E-03,-7.1586E-03
245,1.980,4.1422E+03,5.0000E+03,8.3215E+01,-4.6678E-04,-7.3030E-03,-7.3030E-03
246,1.990,4.1335E+03,5.0000E+03,8.3365E+01,1.8787E-02,-7.4152E-03,-7.4153E-03
247,2.000,4.1247E+03,5.0000E+03,8.5215E+01,-1.7117E-01,-5.6079E-03,-5.6167E-03
248,2.000,4.1245E+03,5.0000E+03,8.5305E+01,-1.4259E-01,-5.5024E-03,-5.5116E-03
249,2.010,4.1158E+03,5.0000E+03,1.0075E+02,-9.4838E-01,1.2991E-02,1.3121E-02
250,2.020,4.1070E+03,5.0000E+03,1.3202E+02,-1.9039E+00,6.2282E-02,6.3545E-02
251,2.030,4.0982E+03,5.0000E+03,1.5394E+02,-2.8004E+00,1.4394E-01,1.4834E-01
252,2.040,4.0895E+03,5.0000E+03,1.6444E+02,-3.7892E+00,2.5543E-01,2.6586E-01
253,2.040,4.0894E+03,5.0000E+03,1.6455E+02,-3.7869E+00,2.5740E-01,2.6795E-01
254,2.050,4.0805E+03,5.0000E+03,1.6984E+02,-4.7556E+00,4.0312E-01,4.2390E-01
255,2.060,4.0718E+03,5.0000E+03,1.7278E+02,-5.7455E+00,5.7823E-01,6.1416E-01
256,2.070,4.0629E+03,4.9999E+03,1.7463E+02,-6.7169E+00,7.8593E-01,8.4326E-01
257,2.080,4.0545E+03,4.9999E+03,1.7583E+02,-7.5379E+00,1.0113E+00,1.0955E+00
258,2.080,4.0542E+03,4.9999E+03,1.7587E+02,-7.6314E+00,1.0206E+00,1.1061E+00
259,2.090,4.0453E+03,4.9999E+03,1.7673E+02,-8.5645E+00,1.2872E+00,1.4091E+00
260,2.100,4.0366E+03,4.9998E+03,1.7734E+02,-9.5437E+00,1.5806E+00,1.7477E+00
261,2.110,4.0278E+03,4.9997E+03,1.7779E+02,-1.0512E+01,1.9023E+00,2.1248E+00
262,2.120,4.0195E+03,4.9996E+03,1.7812E+02,-1.1382E+01,2.2335E+00,2.5186E+00
263,2.121,4.0189E+03,4.9996E+03,1.7814E+02,-1.1418E+01,2.2548E+00,2.5441E+00
264,2.131,4.0102E+03,4.9995E+03,1.7846E+02,-1.2376E+01,2.6308E+00,2.9985E+00
265,2.141,4.0013E+03,4.9994E+03,1.7866E+02,-1.3321E+01,3.0373E+00,3.4971E+00
266,2.151,3.9926E+03,4.9992E+03,1.7881E+02,-1.4270E+01,3.4668E+00,4.0320E+00
267,2.160,3.9844E+03,4.9990E+03,1.7898E+02,-1.5146E+01,3.8866E+00,4.5625E+00
268,2.161,3.9837E+03,4.9990E+03,1.7898E+02,-1.5207E+01,3.9244E+00,4.6107E+00
269,2.171,3.9749E+03,4.9988E+03,1.7909E+02,-1.6168E+01,4.4063E+00,5.2295E+00
270,2.181,3.9658E+03,4.9986E+03,1.7920E+02,-1.7073E+01,4.9353E+00,5.9194E+00
271,2.191,3.9570E+03,4.9983E+03,1.7935E+02,-1.8131E+01,5.4651E+00,6.6214E+00
272,2.200,3.9494E+03,4.9981E+03,1.7940E+02,-1.8919E+01,5.9427E+00,7.2633E+00
273,2.201,3.9482E+03,4.9981E+03,1.7940E+02,-1.9065E+01,6.0185E+00,7.3660E+00
274,2.211,3.9395E+03,4.9978E+03,1.7944E+02,-2.0008E+01,6.5968E+00,8.1560E+00
275,2.221,3.9307E+03,4.9974E+03,1.7949E+02,-2.0973E+01,7.1995E+00,8.9923E+00
276,2.231,3.9219E+03,4.9970E+03,1.7952E+02,-2.1927E+01,7.8203E+00,9.8672E+00
277,2.240,3.9144E+03,4.9967E+03,1.7956E+02,-2.2755E+01,8.3684E+00,1.0651E+01
278,2.241,3.9131E+03,4.9966E+03,1.7956E+02,-2.2869E+01,8.4642E+00,1.0789E+01
279,2.252,3.9043E+03,4.9962E+03,1.7963E+02,-2.3827E+01,9.1378E+00,1.1768E+01
280,2.262,3.8954E+03,4.9957E+03,1.7965E+02,-2.4807E+01,9.8294E+00,1.2789E+01
281,2.272,3.8867E+03,4.9952E+03,1.7967E+02,-2.5732E+01,1.0535E+01,1.3848E+01
282,2.280,3.8795E+03,4.9947E+03,1.7969E+02,-2.6539E+01,1.1131E+01,1.4755E+01
283,2.282,3.8779E+03,4.9946E+03,1.7969E+02,-2.6551E+01,1.1261E+01,1.4955E+01
284,2.292,3.8691E+03,4.9940E+03,1.7971E+02,-2.7821E+01,1.2008E+01,1.6111E+01
285,2.302,3.8604E+03,4.9934E+03,1.7973E+02,-2.8561E+01,1.2773E+01,1.7313E+01
286,2.312,3.8516E+03,4.9927E+03,1.7975E+02,-2.9714E+01,1.3553E+01,1.8561E+01
287,2.320,3.8445E+03,4.9921E+03,1.7976E+02,-3.0429E+01,1.4204E+01,1.9615E+01
288,2.322,3.8429E+03,4.9920E+03,1.7976E+02,-3.0678E+01,1.4353E+01,1.9859E+01
289,2.332,3.8341E+03,4.9912E+03,1.7978E+02,-3.1486E+01,1.5174E+01,2.1214E+01
290,2.342,3.8253E+03,4.9904E+03,1.7979E+02,-3.2385E+01,1.6005E+01,2.2606E+01
291,2.352,3.8166E+03,4.9895E+03,1.7980E+02,-3.3423E+01,1.6850E+01,2.4047E+01
292,2.360,3.8096E+03,4.9888E+03,1.7981E+02,-3.4128E+01,1.7541E+01,2.5242E+01
293,2.362,3.8079E+03,4.9886E+03,1.7981E+02,-3.4281E+01,1.7712E+01,2.5539E+01
294,2.372,3.7991E+03,4.9876E+03,1.7982E+02,-3.5412E+01,1.8592E+01,2.7089E+01
295,2.382,3.7904E+03,4.9866E+03,1.7983E+02,-3.6025E+01,1.9482E+01,2.8684E+01
296,2.392,3.7817E+03,4.9855E+03,1.7985E+02,-3.7129E+01,2.0385E+01,3.0329E+01
297,2.400,3.7748E+03,4.9846E+03,1.7987E+02,-3.7872E+01,2.1103E+01,3.1654E+01
298,2.402,3.7730E+03,4.9844E+03,1.7987E+02,-3.8070E+01,2.1300E+01,3.2021E+01
299,2.412,3.7643E+03,4.9832E+03,1.7987E+02,-3.9030E+01,2.2225E+01,3.3764E+01
300,2.422,3.7556E+03,4.9819E+03,1.7988E+02,-3.9986E+01,2.3164E+01,3.5560E+01
301,2.432,3.7469E+03,4.9806E+03,1.7988E+02,-4.0914E+01,2.4114E+01,3.7408E+01
302,2.440,3.7402E+03,4.9795E+03,1.7988E+02,-4.1643E+01,2.4860E+01,3.8884E+01
303,2.442,3.7382E+03,4.9792E+03,1.7988E+02,-4.1860E+01,2.5078E+01,3.9317E+01
304,2.452,3.7296E+03,4.9777E+03,1.7989E+02,-4.2812E+01,2.6047E+01,4.1270E+01
305,2.462,3.7209E+03,4.9762E+03,1.7989E+02,-4.4013E+01,2.7025E+01,4.3274E+01
306,2.472,3.7123E+03,4.9747E+03,1.7990E+02,-4.4730E+01,2.8013E+01,4.5334E+01
307,2.480,3.7057E+03,4.9734E+03,1.7990E+02,-4.5480E+01,2.8777E+01,4.6953E+01
308,2.482,3.7037E+03,4.9730E+03,1.7990E+02,-4.5679E+01,2.9008E+01,4.7445E+01
309,2.492,3.6951E+03,4.9713E+03,1.7990E+02,-4.6621E+01,3.0008E+01,4.9607E+01
310,2.502,3.6864E+03,4.9695E+03,1.7991E+02,-4.7885E+01,3.1025E+01,5.1841E+01
311,2.512,3.6779E+03,4.9677E+03,1.7991E+02,-4.8510E+01,3.2043E+01,5.4118E+01
312,2.520,3.6714E+03,4.9662E+03,1.7992E+02,-4.9240E+01,3.2815E+01,5.5874E+01
313,2.522,3.6693E+03,4.9657E+03,1.7992E+02,-4.9472E+01,3.3064E+01,5.6445E+01
314,2.532,3.6608E+03,4.9637E+03,1.7992E+02,-5.0418E+01,3.4086E+01,5.8820E+01
315,2.542,3.6522E+03,4.9617E+03,1.7992E+02,-5.1363E+01,3.5116E+01,6.1255E+01
316,2.552,3.6437E+03,4.9595E+03,1.7994E+02,-5.2374E+01,3.6144E+01,6.3734E+01
317,2.560,3.6373E+03,4.9579E+03,1.7994E+02,-5.3025E+01,3.6919E+01,6.5633E+01
318,2.563,3.6352E+03,4.9573E+03,1.7994E+02,-5.3264E+01,3.7182E+01,6.6285E+01
319,2.573,3.6267E+03,4.9550E+03,1.7994E+02,-5.4179E+01,3.8217E+01,6.8875E+01
320,2.583,3.6183E+03,4.9526E+03,1.7994E+02,-5.5161E+01,3.9253E+01,7.1521E+01
321,2.593,3.6099E+03,4.9501E+03,1.7994E+02,-5.6111E+01,4.0289E+01,7.4219E+01
322,2.600,3.6037E+03,4.9482E+03,1.7995E+02,-5.6814E+01,4.1054E+01,7.6243E+01
323,2.603,3.6014E+03,4.9475E+03,1.7995E+02,-5.7053E+01,4.1327E+01,7.6975E+01
324,2.613,3.5930E+03,4.9449E+03,1.7995E+02,-5.8004E+01,4.2373E+01,7.9808E+01
325,2.623,3.5847E+03,4.9422E+03,1.7995E+02,-5.8946E+01,4.3406E+01,8.2662E+01
326,2.633,3.5764E+03,4.9394E+03,1.7995E+02,-5.9906E+01,4.4436E+01,8.5569E+01
327,2.640,3.5704E+03,4.9373E+03,1.7995E+02,-6.0600E+01,4.5175E+01,8.7693E+01
328,2.643,3.5681E+03,4.9365E+03,1.7995E+02,-6.0873E+01,4.5465E+01,8.8534E+01
329,2.653,3.5598E+03,4.9335E+03,1.7995E+02,-6.1825E+01,4.6491E+01,9.1555E+01
330,2.663,3.5515E+03,4.9304E+03,1.7996E+02,-6.2779E+01,4.7517E+01,9.4640E+01
331,2.673,3.5433E+03,4.9272E+03,1.7996E+02,-6.3726E+01,4.8529E+01,9.7752E+01
332,2.680,3.5376E+03,4.9249E+03,1.7996E+02,-6.4398E+01,4.9235E+01,9.9962E+01
333,2.683,3.5351E+03,4.9239E+03,1.7996E+02,-6.4652E+01,4.9539E+01,1.0092E+02
334,2.693,3.5270E+03,4.9206E+03,1.7996E+02,-6.5647E+01,5.0538E+01,1.0414E+02
335,2.703,3.5189E+03,4.9171E+03,1.7996E+02,-6.6595E+01,5.1532E+01,1.0741E+02
336,2.713,3.5109E+03,4.9136E+03,1.7996E+02,-6.7543E+01,5.2515E+01,1.1071E+02
337,2.720,3.5054E+03,4.9111E+03,1.7996E+02,-6.8156E+01,5.3187E+01,1.1302E+02
338,2.723,3.5029E+03,4.9100E+03,1.7996E+02,-6.8767E+01,5.3487E+01,1.1407E+02
339,2.733,3.4950E+03,4.9062E+03,1.7996E+02,-6.9561E+01,5.4458E+01,1.1749E+02
340,2.743,3.4871E+03,4.9024E+03,1.7996E+02,-7.0393E+01,5.5415E+01,1.2095E+02
341,2.753,3.4792E+03,4.8985E+03,1.7997E+02,-7.1606E+01,5.6357E+01,1.2444E+02
342,2.760,3.4739E+03,4.8958E+03,1.7997E+02,-7.1933E+01,5.6993E+01,1.2686E+02
343,2.763,3.4714E+03,4.8945E+03,1.7997E+02,-7.2279E+01,5.7285E+01,1.2798E+02
344,2.773,3.4636E+03,4.8903E+03,1.7997E+02,-7.3224E+01,5.8208E+01,1.3160E+02
345,2.783,3.4559E+03,4.8861E+03,1.7997E+02,-7.4103E+01,5.9109E+01,1.3522E+02
346,2.793,3.4482E+03,4.8818E+03,1.7997E+02,-7.5408E+01,5.9997E+01,1.3889E+02
347,2.800,3.4432E+03,4.8789E+03,1.7997E+02,-7.6017E+01,6.0581E+01,1.4136E+02
348,2.803,3.4406E+03,4.8774E+03,1.7997E+02,-7.6184E+01,6.0870E+01,1.4260E+02
349,2.813,3.4331E+03,4.8729E+03,1.7997E+02,-7.7294E+01,6.1725E+01,1.4634E+02
350,2.823,3.4256E+03,4.8682E+03,1.7998E+02,-7.8424E+01,6.2564E+01,1.5013E+02
351,2.833,3.4182E+03,4.8635E+03,1.7998E+02,-7.9291E+01,6.3385E+01,1.5394E+02
352,2.840,3.4134E+03,4.8603E+03,1.7998E+02,-7.9576E+01,6.3916E+01,1.5648E+02
353,2.843,3.4109E+03,4.8587E+03,1.7998E+02,-7.9947E+01,6.4188E+01,1.5781E+02
354,2.853,3.4036E+03,4.8537E+03,1.7998E+02,-8.1228E+01,6.4974E+01,1.6171E+02
355,2.864,3.3963E+03,4.8487E+03,1.7998E+02,-8.1766E+01,6.5734E+01,1.6562E+02
356,2.874,3.3892E+03,4.8436E+03,1.7998E+02,-8.2744E+01,6.6471E+01,1.6956E+02
357,2.880,3.3847E+03,4.8402E+03,1.7998E+02,-8.3348E+01,6.6933E+01,1.7211E+02
358,2.884,3.3821E+03,4.8383E+03,1.7998E+02,-8.4039E+01,6.7193E+01,1.7357E+02
359,2.894,3.3751E+03,4.8329E+03,1.7998E+02,-8.4624E+01,6.7884E+01,1.7755E+02
360,2.904,3.3682E+03,4.8275E+03,1.7998E+02,-8.5634E+01,6.8549E+01,1.8156E+02
361,2.914,3.3614E+03,4.8220E+03,1.7998E+02,-8.7085E+01,6.9194E+01,1.8560E+02
362,2.920,3.3572E+03,4.8184E+03,1.7998E+02,-8.7363E+01,6.9586E+01,1.8814E+02
363,2.924,3.3547E+03,4.8163E+03,1.7999E+02,-8.7946E+01,6.9818E+01,1.8967E+02
364,2.934,3.3480E+03,4.8105E+03,1.7999E+02,-8.8429E+01,7.0412E+01,1.9376E+02
365,2.944,3.3414E+03,4.8047E+03,1.7999E+02,-8.9963E+01,7.0980E+01,1.9785E+02
366,2.954,3.3350E+03,4.7987E+03,1.7999E+02,-9.0358E+01,7.1518E+01,2.0194E+02
367,2.960,3.3311E+03,4.7950E+03,1.7999E+02,-9.1174E+01,7.1830E+01,2.0444E+02
368,2.964,3.3286E+03,4.7926E+03,1.7999E+02,-9.1862E+01,7.2027E+01,2.0605E+02
369,2.974,3.3223E+03,4.7865E+03,1.7999E+02,-9.2230E+01,7.2508E+01,2.1016E+02
370,2.984,3.3162E+03,4.7802E+03,1.7999E+02,-9.3858E+01,7.2959E+01,2.1427E+02
371,2.994,3.3101E+03,4.7738E+03,1.7999E+02,-9.4234E+01,7.3384E+01,2.1835E+02
372,3.000,3.3065E+03,4.7700E+03,1.7999E+02,-9.4729E+01,7.3618E+01,2.2061E+02
373,3.004,3.3041E+03,4.7674E+03,1.7999E+02,-9.4981E+01,7.3768E+01,2.2180E+02
374,3.014,3.2983E+03,4.7608E+03,1.7999E+02,-9.5345E+01,7.4117E+01,2.2448E+02
375,3.024,3.2926E+03,4.7542E+03,1.7999E+02,-9.4706E+01,7.4422E+01,2.2695E+02
376,3.034,3.2870E+03,4.7476E+03,1.7999E+02,-9.4669E+01,7.4683E+01,2.2933E+02
377,3.040,3.2839E+03,4.7437E+03,1.7999E+02,-9.4687E+01,7.4815E+01,2.3068E+02
378,3.044,3.2816E+03,4.7409E+03,1.7999E+02,-9.4731E+01,7.4902E+01,2.3163E+02
379,3.054,3.2764E+03,4.7341E+03,1.7999E+02,-9.5251E+01,7.5081E+01,2.3385E+02
380,3.064,3.2712E+03,4.7273E+03,1.7999E+02,-9.4781E+01,7.5222E+01,2.3600E+02
381,3.074,3.2662E+03,4.7204E+03,1.7999E+02,-9.4699E+01,7.5318E+01,2.3804E+02
382,3.080,3.2635E+03,4.7165E+03,1.7999E+02,-9.4668E+01,7.5355E+01,2.3917E+02
383,3.084,3.2614E+03,4.7135E+03,1.7999E+02,-9.4689E+01,7.5374E+01,2.4000E+02
384,3.094,3.2567E+03,4.7066E+03,1.7999E+02,-9.4746E+01,7.5390E+01,2.4188E+02
385,3.104,3.2521E+03,4.6996E+03,1.7999E+02,-9.4639E+01,7.5368E+01,2.4367E+02
386,3.114,3.2477E+03,4.6926E+03,1.7999E+02,-9.4702E+01,7.5307E+01,2.4537E+02
387,3.120,3.2453E+03,4.6886E+03,1.7999E+02,-9.4684E+01,7.5256E+01,2.4629E+02
388,3.124,3.2434E+03,4.6855E+03,1.7999E+02,-9.4713E+01,7.5207E+01,2.4700E+02
389,3.134,3.2392E+03,4.6784E+03,1.7999E+02,-9.4689E+01,7.5070E+01,2.4854E+02
390,3.145,3.2352E+03,4.6712E+03,1.7999E+02,-9.5336E+01,7.4900E+01,2.5001E+02
391,3.155,3.2313E+03,4.6640E+03,1.7999E+02,-9.4710E+01,7.4689E+01,2.5140E+02
392,3.160,3.2293E+03,4.6602E+03,1.7999E+02,-9.4715E+01,7.4562E+01,2.5209E+02
393,3.165,3.2276E+03,4.6568E+03,1.7999E+02,-9.4735E+01,7.4442E+01,2.5268E+02
394,3.175,3.2240E+03,4.6496E+03,1.7999E+02,-9.4698E+01,7.4160E+01,2.5388E+02
395,3.185,3.2205E+03,4.6424E+03,1.7999E+02,-9.4909E+01,7.3843E+01,2.5499E+02
396,3.195,3.2171E+03,4.6348E+03,1.7999E+02,-9.5559E+01,7.3476E+01,2.5607E+02
397,3.200,3.2155E+03,4.6314E+03,1.7999E+02,-9.4671E+01,7.3295E+01,2.5653E+02
398,3.205,3.2139E+03,4.6276E+03,1.7999E+02,-9.4724E+01,7.3087E+01,2.5701E+02
399,3.215,3.2109E+03,4.6203E+03,1.7999E+02,-9.4697E+01,7.2667E+01,2.5787E+02
400,3.225,3.2080E+03,4.6131E+03,1.7999E+02,-9.4935E+01,7.2214E+01,2.5865E+02
401,3.235,3.2052E+03,4.6057E+03,1.7999E+02,-9.4705E+01,7.1724E+01,2.5935E+02
402,3.240,3.2040E+03,4.6024E+03,1.7999E+02,-9.5216E+01,7.1494E+01,2.5963E+02
403,3.245,3.2026E+03,4.5984E+03,1.7999E+02,-9.4883E+01,7.1210E+01,2.5996E+02
404,3.255,3.2001E+03,4.5912E+03,1.7999E+02,-9.5216E+01,7.0663E+01,2.6048E+02
405,3.265,3.1977E+03,4.5839E+03,1.7999E+02,-9.4633E+01,7.0089E+01,2.6093E+02
406,3.276,3.1955E+03,4.5765E+03,1.8000E+02,-9.5336E+01,6.9475E+01,2.6129E+02
407,3.280,3.1946E+03,4.5734E+03,1.8000E+02,-9.4686E+01,6.9200E+01,2.6142E+02
408,3.286,3.1934E+03,4.5693E+03,1.8000E+02,-9.4607E+01,6.8839E+01,2.6157E+02
409,3.296,3.1915E+03,4.5620E+03,1.8000E+02,-9.5059E+01,6.8175E+01,2.6177E+02
410,3.306,3.1897E+03,4.5548E+03,1.8000E+02,-9.4701E+01,6.7484E+01,2.6188E+02
411,3.316,3.1880E+03,4.5475E+03,1.8000E+02,-9.4685E+01,6.6769E+01,2.6192E+02
412,3.320,3.1873E+03,4.5444E+03,1.8000E+02,-9.4733E+01,6.6455E+01,2.6191E+02
413,3.326,3.1864E+03,4.5403E+03,1.8000E+02,-9.4710E+01,6.6027E+01,2.6188E+02
414,3.336,3.1850E+03,4.5331E+03,1.8000E+02,-9.4694E+01,6.5258E+01,2.6175E+02
415,3.346,3.1837E+03,4.5259E+03,1.8000E+02,-9.5170E+01,6.4462E+01,2.6155E+02
416,3.356,3.1825E+03,4.5187E+03,1.8000E+02,-9.4744E+01,6.3645E+01,2.6127E+02
417,3.360,3.1821E+03,4.5158E+03,1.8000E+02,-9.4677E+01,6.3306E+01,2.6114E+02
418,3.366,3.1815E+03,4.5116E+03,1.8000E+02,-9.4693E+01,6.2807E+01,2.6092E+02
419,3.376,3.1805E+03,4.5045E+03,1.8000E+02,-9.4700E+01,6.1948E+01,2.6049E+02
420,3.386,3.1797E+03,4.4974E+03,1.8000E+02,-9.4715E+01,6.1062E+01,2.5998E+02
421,3.396,3.1791E+03,4.4904E+03,1.8000E+02,-9.4676E+01,6.0161E+01,2.5939E+02
422,3.400,3.1788E+03,4.4876E+03,1.8000E+02,-9.4708E+01,5.9802E+01,2.5914E+02
423,3.406,3.1785E+03,4.4833E+03,1.8000E+02,-9.4687E+01,5.9232E+01,2.5873E+02
424,3.416,3.1781E+03,4.4764E+03,1.8000E+02,-9.4696E+01,5.8294E+01,2.5800E+02
425,3.426,3.1777E+03,4.4694E+03,1.8000E+02,-9.4692E+01,5.7336E+01,2.5719E+02
426,3.436,3.1775E+03,4.4625E+03,1.8000E+02,-9.5350E+01,5.6360E+01,2.5632E+02
427,3.440,3.1775E+03,4.4600E+03,1.8000E+02,-9.4701E+01,5.5994E+01,2.5597E+02
428,3.446,3.1775E+03,4.4557E+03,1.8000E+02,-9.4697E+01,5.5371E+01,2.5537E+02
429,3.456,3.1775E+03,4.4489E+03,1.8000E+02,-9.4701E+01,5.4366E+01,2.5435E+02
430,3.466,3.1776E+03,4.4421E+03,1.8000E+02,-9.4653E+01,5.3345E+01,2.5326E+02
431,3.476,3.1779E+03,4.4354E+03,1.8000E+02,-9.4698E+01,5.2310E+01,2.5211E+02
432,3.480,3.1780E+03,4.4330E+03,1.8000E+02,-9.4688E+01,5.1932E+01,2.5167E+02
433,3.486,3.1782E+03,4.4287E+03,1.8000E+02,-9.4543E+01,5.1264E+01,2.5088E+02
434,3.496,3.1787E+03,4.4221E+03,1.8000E+02,-9.4698E+01,5.0203E+01,2.4959E+02
435,3.506,3.1793E+03,4.4155E+03,1.8000E+02,-9.5126E+01,4.9130E+01,2.4823E+02
436,3.517,3.1799E+03,4.4090E+03,-1.8000E+02,-9.4707E+01,4.8048E+01,2.4680E+02
437,3.520,3.1802E+03,4.4068E+03,-1.8000E+02,-9.4745E+01,4.7669E+01,2.4629E+02
438,3.527,3.1807E+03,4.4025E+03,-1.8000E+02,-9.4693E+01,4.6952E+01,2.4531E+02
439,3.537,3.1816E+03,4.3961E+03,-1.8000E+02,-9.4738E+01,4.5854E+01,2.4376E+02
440,3.547,3.1826E+03,4.3898E+03,-1.8000E+02,-9.4696E+01,4.4747E+01,2.4214E+02
441,3.557,3.1836E+03,4.3836E+03,-1.8000E+02,-9.4988E+01,4.3636E+01,2.4047E+02
442,3.560,3.1840E+03,4.3815E+03,-1.8000E+02,-9.5017E+01,4.3260E+01,2.3990E+02
443,3.567,3.1848E+03,4.3773E+03,-1.8000E+02,-9.4697E+01,4.2517E+01,2.3874E+02
444,3.577,3.1861E+03,4.3712E+03,-1.8000E+02,-9.4702E+01,4.1395E+01,2.3695E+02
445,3.587,3.1874E+03,4.3651E+03,-1.8000E+02,-9.4855E+01,4.0264E+01,2.3510E+02
446,3.597,3.1889E+03,4.3591E+03,-1.8000E+02,-9.4706E+01,3.9128E+01,2.3318E+02
447,3.600,3.1894E+03,4.3572E+03,-1.8000E+02,-9.4710E+01,3.8758E+01,2.3255E+02
448,3.607,3.1904E+03,4.3531E+03,-1.8000E+02,-9.4700E+01,3.7978E+01,2.3120E+02
449,3.617,3.1921E+03,4.3472E+03,-1.8000E+02,-9.4750E+01,3.6834E+01,2.2916E+02
450,3.627,3.1938E+03,4.3414E+03,-1.8000E+02,-9.4781E+01,3.5698E+01,2.2709E+02
451,3.637,3.1956E+03,4.3356E+03,-1.8000E+02,-9.5106E+01,3.4560E+01,2.2497E+02
452,3.640,3.1961E+03,4.3339E+03,-1.8000E+02,-9.4834E+01,3.4218E+01,2.2431E+02
453,3.647,3.1974E+03,4.3300E+03,-1.8000E+02,-9.4702E+01,3.3422E+01,2.2279E+02
454,3.657,3.1994E+03,4.3244E+03,-1.8000E+02,-9.4710E+01,3.2285E+01,2.2056E+02
455,3.667,3.2014E+03,4.3189E+03,-1.8000E+02,-9.4687E+01,3.1151E+01,2.1828E+02
456,3.677,3.2035E+03,4.3134E+03,-1.8000E+02,-9.4686E+01,3.0012E+01,2.1593E+02
457,3.680,3.2042E+03,4.3119E+03,-1.8000E+02,-9.4684E+01,2.9692E+01,2.1526E+02
458,3.687,3.2057E+03,4.3080E+03,-1.8000E+02,-9.4698E+01,2.8883E+01,2.1356E+02
459,3.697,3.2080E+03,4.3028E+03,-1.8000E+02,-9.4698E+01,2.7763E+01,2.1114E+02
460,3.707,3.2103E+03,4.2976E+03,-1.8000E+02,-9.4733E+01,2.6649E+01,2.0868E+02
461,3.717,3.2127E+03,4.2924E+03,-1.8000E+02,-9.4731E+01,2.5532E+01,2.0616E+02
462,3.720,3.2133E+03,4.2910E+03,-1.8000E+02,-9.4757E+01,2.5233E+01,2.0547E+02
463,3.727,3.2151E+03,4.2874E+03,-1.8000E+02,-9.4701E+01,2.4428E+01,2.0360E+02
464,3.737,3.2177E+03,4.2824E+03,-1.8000E+02,-9.4692E+01,2.3332E+01,2.0100E+02
465,3.747,3.2202E+03,4.2775E+03,-1.8000E+02,-9.4932E+01,2.2241E+01,1.9836E+02
466,3.757,3.2229E+03,4.2726E+03,-1.8000E+02,-9.5456E+01,2.1165E+01,1.9568E+02
467,3.760,3.2236E+03,4.2714E+03,-1.8000E+02,-9.4703E+01,2.0893E+01,1.9500E+02
468,3.767,3.2256E+03,4.2679E+03,-1.8000E+02,-9.4787E+01,2.0101E+01,1.9298E+02
469,3.777,3.2283E+03,4.2633E+03,-1.8000E+02,-9.5267E+01,1.9047E+01,1.9023E+02
470,3.787,3.2311E+03,4.2587E+03,-1.8000E+02,-9.5389E+01,1.8006E+01,1.8746E+02
471,3.798,3.2340E+03,4.2543E+03,-1.8000E+02,-9.4724E+01,1.6976E+01,1.8464E+02
472,3.800,3.2347E+03,4.2532E+03,-1.8000E+02,-9.5237E+01,1.6721E+01,1.8393E+02
473,3.808,3.2369E+03,4.2498E+03,-1.7999E+02,-9.5214E+01,1.5952E+01,1.8176E+02
474,3.818,3.2399E+03,4.2455E+03,-1.7999E+02,-9.4710E+01,1.4951E+01,1.7888E+02
475,3.828,3.2429E+03,4.2413E+03,-1.7999E+02,-9.5100E+01,1.3960E+01,1.7596E+02
476,3.838,3.2459E+03,4.2372E+03,-1.7999E+02,-9.4695E+01,1.2989E+01,1.7302E+02
477,3.840,3.2466E+03,4.2362E+03,-1.7999E+02,-9.5000E+01,1.2766E+01,1.7234E+02
478,3.848,3.2490E+03,4.2331E+03,-1.7999E+02,-9.4699E+01,1.2035E+01,1.7006E+02
479,3.858,3.2521E+03,4.2292E+03,-1.7999E+02,-9.4763E+01,1.1097E+01,1.6707E+02
480,3.868,3.2553E+03,4.2253E+03,-1.7999E+02,-9.4695E+01,1.0177E+01,1.6405E+02
481,3.878,3.2585E+03,4.2215E+03,-1.7999E+02,-9.5499E+01,9.2753E+00,1.6101E+02
482,3.880,3.2592E+03,4.2207E+03,-1.7999E+02,-9.4925E+01,9.0744E+00,1.6032E+02
483,3.888,3.2617E+03,4.2178E+03,-1.7999E+02,-9.5281E+01,8.3871E+00,1.5792E+02
484,3.898,3.2650E+03,4.2142E+03,-1.7999E+02,-9.4742E+01,7.5250E+00,1.5483E+02
485,3.908,3.2683E+03,4.2107E+03,-1.7999E+02,-9.4777E+01,6.6822E+00,1.5172E+02
486,3.918,3.2716E+03,4.2072E+03,-1.7999E+02,-9.4700E+01,5.8544E+00,1.4857E+02
487,3.920,3.2723E+03,4.2065E+03,-1.7999E+02,-9.4736E+01,5.6897E+00,1.4793E+02
488,3.928,3.2750E+03,4.2038E+03,-1.7999E+02,-9.4699E+01,5.0492E+00,1.4541E+02
489,3.938,3.2784E+03,4.2006E+03,-1.7999E+02,-9.4742E+01,4.2724E+00,1.4225E+02
490,3.948,3.2817E+03,4.1974E+03,-1.7999E+02,-9.4725E+01,3.5189E+00,1.3908E+02
491,3.958,3.2852E+03,4.1943E+03,-1.7999E+02,-9.4710E+01,2.7871E+00,1.3589E+02
492,3.960,3.2858E+03,4.1937E+03,-1.7999E+02,-9.4718E+01,2.6528E+00,1.3529E+02
493,3.968,3.2886E+03,4.1913E+03,-1.7999E+02,-9.5026E+01,2.0785E+00,1.3269E+02
494,3.978,3.2920E+03,4.1884E+03,-1.7999E+02,-9.4702E+01,1.3959E+00,1.2947E+02
495,3.988,3.2955E+03,4.1855E+03,-1.7999E+02,-9.4849E+01,7.3950E-01,1.2624E+02
496,3.998,3.2990E+03,4.1828E+03,-1.7999E+02,-9.4667E+01,1.0792E-01,1.2301E+02
497,4.000,3.2996E+03,4.1823E+03,-1.7999E+02,-9.4694E+01,-1.6103E-13,1.2244E+02
498,4.008,3.3024E+03,4.1801E+03,-1.7999E+02,-9.5325E+01,-4.9601E-01,1.1977E+02
499,4.018,3.3059E+03,4.1775E+03,-1.7999E+02,-9.4669E+01,-1.0741E+00,1.1652E+02
500,4.028,3.3094E+03,4.1750E+03,-1.7999E+02,-9.4733E+01,-1.6270E+00,1.1327E+02
501,4.038,3.3129E+03,4.1726E+03,-1.7999E+02,-9.4707E+01,-2.1502E+00,1.1002E+02
502,4.040,3.3135E+03,4.1722E+03,-1.7999E+02,-9.5151E+01,-2.2342E+00,1.0948E+02
503,4.048,3.3164E+03,4.1703E+03,-1.7999E+02,-9.4766E+01,-2.6460E+00,1.0675E+02
504,4.058,3.3199E+03,4.1680E+03,-1.7998E+02,-9.4696E+01,-3.1146E+00,1.0348E+02
505,4.068,3.3234E+03,4.1659E+03,-1.7998E+02,-9.4753E+01,-3.5516E+00,1.0023E+02
506,4.078,3.3269E+03,4.1638E+03,-1.7998E+02,-9.4743E+01,-3.9601E+00,9.6979E+01
507,4.080,3.3275E+03,4.1635E+03,-1.7998E+02,-9.4806E+01,-4.0200E+00,9.6480E+01
508,4.088,3.3304E+03,4.1618E+03,-1.7998E+02,-9.4698E+01,-4.3386E+00,9.3726E+01
509,4.098,3.3339E+03,4.1599E+03,-1.7998E+02,-9.4723E+01,-4.6867E+00,9.0481E+01
510,4.109,3.3374E+03,4.1580E+03,-1.7998E+02,-9.4671E+01,-5.0048E+00,8.7236E+01
511,4.119,3.3409E+03,4.1563E+03,-1.7998E+02,-9.5173E+01,-5.2912E+00,8.3989E+01
512,4.120,3.3414E+03,4.1560E+03,-1.7998E+02,-9.5148E+01,-5.3306E+00,8.3513E+01
513,4.129,3.3443E+03,4.1546E+03,-1.7998E+02,-9.4677E+01,-5.5475E+00,8.0747E+01
514,4.139,3.3478E+03,4.1530E+03,-1.7998E+02,-9.4690E+01,-5.7716E+00,7.7528E+01
515,4.149,3.3512E+03,4.1514E+03,-1.7998E+02,-9.4752E+01,-5.9647E+00,7.4303E+01
516,4.159,3.3546E+03,4.1500E+03,-1.7998E+02,-9.4853E+01,-6.1255E+00,7.1093E+01
517,4.160,3.3551E+03,4.1498E+03,-1.7998E+02,-9.4698E+01,-6.1446E+00,7.0663E+01
518,4.169,3.3580E+03,4.1486E+03,-1.7997E+02,-9.4692E+01,-6.2546E+00,6.7876E+01
519,4.179,3.3614E+03,4.1472E+03,-1.7997E+02,-9.4683E+01,-6.3497E+00,6.4692E+01
520,4.189,3.3648E+03,4.1460E+03,-1.7997E+02,-9.4746E+01,-6.4122E+00,6.1522E+01
521,4.199,3.3681E+03,4.1448E+03,-1.7997E+02,-9.4684E+01,-6.4419E+00,5.8369E+01
522,4.200,3.3685E+03,4.1447E+03,-1.7997E+02,-9.4693E+01,-6.4433E+00,5.7990E+01
523,4.209,3.3714E+03,4.1437E+03,-1.7997E+02,-9.4742E+01,-6.4385E+00,5.5233E+01
524,4.219,3.3747E+03,4.1427E+03,-1.7996E+02,-9.4693E+01,-6.4017E+00,5.2107E+01
525,4.229,3.3780E+03,4.1417E+03,-1.7996E+02,-9.5317E+01,-6.3306E+00,4.8982E+01
526,4.240,3.3814E+03,4.1407E+03,-1.7996E+02,-9.4728E+01,-6.2189E+00,4.5713E+01
527,4.240,3.3816E+03,4.1407E+03,-1.7996E+02,-9.4652E+01,-6.2128E+00,4.5560E+01
528,4.250,3.3847E+03,4.1399E+03,-1.7996E+02,-9.4678E+01,-6.0789E+00,4.2643E+01
529,4.260,3.3879E+03,4.1391E+03,-1.7995E+02,-9.4672E+01,-5.9032E+00,3.9570E+01
530,4.270,3.3910E+03,4.1384E+03,-1.7995E+02,-9.4790E+01,-5.6942E+00,3.6533E+01
531,4.280,3.3942E+03,4.1378E+03,-1.7994E+02,-9.5060E+01,-5.4510E+00,3.3521E+01
532,4.280,3.3942E+03,4.1378E+03,-1.7994E+02,-9.5102E+01,-5.4443E+00,3.3443E+01
533,4.290,3.3973E+03,4.1372E+03,-1.7994E+02,-9.4695E+01,-5.1728E+00,3.0524E+01
534,4.300,3.4003E+03,4.1367E+03,-1.7993E+02,-9.4681E+01,-4.8624E+00,2.7572E+01
535,4.310,3.4034E+03,4.1362E+03,-1.7993E+02,-9.4751E+01,-4.5143E+00,2.4616E+01
536,4.320,3.4063E+03,4.1358E+03,-1.7992E+02,-9.4662E+01,-4.1353E+00,2.1714E+01
537,4.320,3.4063E+03,4.1358E+03,-1.7992E+02,-9.4800E+01,-4.1336E+00,2.1702E+01
538,4.330,3.4093E+03,4.1354E+03,-1.7990E+02,-9.4690E+01,-3.7220E+00,1.8837E+01
539,4.340,3.4122E+03,4.1351E+03,-1.7988E+02,-9.4691E+01,-3.2755E+00,1.5993E+01
540,4.350,3.4150E+03,4.1349E+03,-1.7986E+02,-9.4800E+01,-2.7951E+00,1.3177E+01
541,4.360,3.4179E+03,4.1346E+03,-1.7982E+02,-9.4655E+01,-2.2811E+00,1.0392E+01
542,4.360,3.4179E+03,4.1346E+03,-1.7982E+02,-9.4655E+01,-2.2811E+00,1.0392E+01
543,4.370,3.4206E+03,4.1345E+03,-1.7976E+02,-9.4687E+01,-1.7332E+00,7.6354E+00
544,4.380,3.4234E+03,4.1344E+03,-1.7962E+02,-9.4704E+01,-1.1496E+00,4.8998E+00
545,4.390,3.4261E+03,4.1343E+03,-1.7915E+02,-9.4696E+01,-5.3303E-01,2.1998E+00
546,4.400,3.4287E+03,4.1343E+03,-4.3402E+00,-9.4703E+01,1.0810E-01,-4.3241E-01
547,4.400,3.4287E+03,4.1343E+03,-4.0592E+00,-9.4707E+01,1.1569E-01,-4.6260E-01
548,4.410,3.4314E+03,4.1343E+03,-6.0828E-01,-9.4651E+01,7.9978E-01,-3.1001E+00
549,4.420,3.4339E+03,4.1344E+03,-3.3049E-01,-9.4702E+01,1.5182E+00,-5.7073E+00
550,4.430,3.4364E+03,4.1345E+03,-2.3500E-01,-9.4727E+01,2.2654E+00,-8.2655E+00
551,4.440,3.4389E+03,4.1347E+03,-1.8139E-01,-9.4720E+01,3.0257E+00,-1.0728E+01
552,4.441,3.4391E+03,4.1347E+03,-1.7896E-01,-9.4716E+01,3.0965E+00,-1.0950E+01
553,4.451,3.4415E+03,4.1349E+03,-1.4683E-01,-9.4765E+01,3.9154E+00,-1.3450E+01
554,4.461,3.4439E+03,4.1351E+03,-1.2411E-01,-9.4837E+01,4.7644E+00,-1.5907E+01
555,4.471,3.4463E+03,4.1354E+03,-1.0465E-01,-9.4684E+01,5.6677E+00,-1.8386E+01
556,4.480,3.4483E+03,4.1356E+03,-9.4110E-02,-9.4699E+01,6.4606E+00,-2.0459E+01
557,4.481,3.4486E+03,4.1357E+03,-9.1919E-02,-9.4790E+01,6.5785E+00,-2.0759E+01
558,4.491,3.4508E+03,4.1360E+03,-8.2702E-02,-9.4895E+01,7.5206E+00,-2.3095E+01
559,4.501,3.4530E+03,4.1364E+03,-7.5367E-02,-9.4842E+01,8.4970E+00,-2.5400E+01
560,4.511,3.4551E+03,4.1367E+03,-6.8756E-02,-9.4718E+01,9.4995E+00,-2.7655E+01
561,4.520,3.4569E+03,4.1371E+03,-6.3645E-02,-9.4837E+01,1.0390E+01,-2.9573E+01
562,4.521,3.4572E+03,4.1371E+03,-6.2984E-02,-9.4800E+01,1.0533E+01,-2.9873E+01
563,4.531,3.4592E+03,4.1376E+03,-5.6880E-02,-9.4736E+01,1.1595E+01,-3.2047E+01
564,4.541,3.4612E+03,4.1380E+03,-5.3245E-02,-9.4708E+01,1.2689E+01,-3.4185E+01
565,4.551,3.4632E+03,4.1385E+03,-5.0156E-02,-9.4760E+01,1.3810E+01,-3.6279E+01
566,4.560,3.4648E+03,4.1390E+03,-4.9748E-02,-9.4736E+01,1.4791E+01,-3.8035E+01
567,4.562,3.4652E+03,4.1391E+03,-5.0301E-02,-9.6419E+01,1.5050E+01,-3.8486E+01
568,4.573,3.4672E+03,4.1397E+03,-4.4815E-02,-9.4696E+01,1.6361E+01,-4.0710E+01
569,4.583,3.4690E+03,4.1402E+03,-4.3166E-02,-9.4695E+01,1.7569E+01,-4.2664E+01
570,4.593,3.4707E+03,4.1408E+03,-4.1447E-02,-9.4694E+01,1.8811E+01,-4.4585E+01
571,4.600,3.4718E+03,4.1411E+03,-4.0368E-02,-9.4624E+01,1.9635E+01,-4.5816E+01
572,4.603,3.4724E+03,4.1413E+03,-3.9748E-02,-9.4693E+01,2.0073E+01,-4.6455E+01
573,4.614,3.4740E+03,4.1419E+03,-3.8284E-02,-9.4693E+01,2.1378E+01,-4.8303E+01
574,4.624,3.4756E+03,4.1425E+03,-3.9249E-02,-9.4698E+01,2.2700E+01,-5.0095E+01
575,4.634,3.4771E+03,4.1431E+03,-3.8174E-02,-9.4705E+01,2.4038E+01,-5.1828E+01
576,4.640,3.4780E+03,4.1435E+03,-3.7617E-02,-9.4698E+01,2.4894E+01,-5.2899E+01
577,4.644,3.4786E+03,4.1438E+03,-3.7922E-02,-9.4689E+01,2.5487E+01,-5.3624E+01
578,4.654,3.4800E+03,4.1444E+03,-3.6825E-02,-9.4659E+01,2.6875E+01,-5.5267E+01
579,4.664,3.4814E+03,4.1450E+03,-3.5665E-02,-9.4731E+01,2.8285E+01,-5.6864E+01
580,4.675,3.4827E+03,4.1457E+03,-3.5983E-02,-9.4692E+01,2.9747E+01,-5.8446E+01
581,4.680,3.4834E+03,4.1460E+03,-3.5640E-02,-9.4714E+01,3.0531E+01,-5.9266E+01
582,4.685,3.4840E+03,4.1463E+03,-3.5163E-02,-9.4695E+01,3.1203E+01,-5.9953E+01
583,4.695,3.4852E+03,4.1470E+03,-3.5676E-02,-9.4785E+01,3.2680E+01,-6.1413E+01
584,4.705,3.4863E+03,4.1476E+03,-3.4669E-02,-9.4778E+01,3.4178E+01,-6.2828E+01
585,4.715,3.4875E+03,4.1482E+03,-3.3790E-02,-9.4849E+01,3.5708E+01,-6.4209E+01
586,4.720,3.4880E+03,4.1485E+03,-3.3305E-02,-9.4875E+01,3.6510E+01,-6.4907E+01
587,4.725,3.4885E+03,4.1488E+03,-3.2932E-02,-9.4914E+01,3.7253E+01,-6.5539E+01
588,4.735,3.4895E+03,4.1495E+03,-3.2124E-02,-9.4714E+01,3.8818E+01,-6.6823E+01
589,4.745,3.4905E+03,4.1501E+03,-3.1316E-02,-9.4650E+01,4.0416E+01,-6.8071E+01
590,4.755,3.4915E+03,4.1507E+03,-3.0256E-02,-9.4931E+01,4.2005E+01,-6.9252E+01
591,4.760,3.4919E+03,4.1510E+03,-2.9991E-02,-9.4651E+01,4.2789E+01,-6.9814E+01
592,4.765,3.4923E+03,4.1513E+03,-2.9662E-02,-9.4902E+01,4.3608E+01,-7.0385E+01
593,4.775,3.4931E+03,4.1519E+03,-2.8820E-02,-9.4717E+01,4.5225E+01,-7.1470E+01
594,4.785,3.4939E+03,4.1524E+03,-2.8172E-02,-9.5088E+01,4.6859E+01,-7.2511E+01
595,4.795,3.4947E+03,4.1530E+03,-2.7383E-02,-9.5007E+01,4.8512E+01,-7.3511E+01
596,4.800,3.4950E+03,4.1533E+03,-2.7085E-02,-9.5153E+01,4.9320E+01,-7.3981E+01
597,4.805,3.4954E+03,4.1536E+03,-2.6536E-02,-9.4682E+01,5.0181E+01,-7.4465E+01
598,4.815,3.4960E+03,4.1541E+03,-2.5889E-02,-9.4730E+01,5.1853E+01,-7.5365E+01
599,4.825,3.4966E+03,4.1546E+03,-2.5331E-02,-9.4911E+01,5.3537E+01,-7.6219E+01
600,4.835,3.4972E+03,4.1551E+03,-2.4802E-02,-9.5132E+01,5.5239E+01,-7.7032E+01
601,4.840,3.4975E+03,4.1553E+03,-2.4546E-02,-9.5250E+01,5.6050E+01,-7.7403E+01
602,4.846,3.4978E+03,4.1556E+03,-2.3606E-02,-9.4796E+01,5.7009E+01,-7.7825E+01
603,4.856,3.4983E+03,4.1560E+03,-2.3151E-02,-9.4777E+01,5.8729E+01,-7.8542E+01
604,4.866,3.4987E+03,4.1565E+03,-2.2804E-02,-9.4723E+01,6.0458E+01,-7.9215E+01
605,4.876,3.4991E+03,4.1569E+03,-2.2291E-02,-9.4872E+01,6.2187E+01,-7.9838E+01
606,4.880,3.4993E+03,4.1570E+03,-2.2001E-02,-9.4685E+01,6.2928E+01,-8.0090E+01
607,4.886,3.4995E+03,4.1572E+03,-2.1745E-02,-9.4786E+01,6.3923E+01,-8.0415E+01
608,4.896,3.4998E+03,4.1576E+03,-2.1213E-02,-9.4730E+01,6.5680E+01,-8.0954E+01
609,4.906,3.5001E+03,4.1579E+03,-2.0781E-02,-9.4954E+01,6.7429E+01,-8.1442E+01
610,4.916,3.5004E+03,4.1582E+03,-2.0372E-02,-9.5161E+01,6.9183E+01,-8.1889E+01
611,4.920,3.5005E+03,4.1584E+03,-2.0192E-02,-9.5175E+01,6.9903E+01,-8.2060E+01
612,4.926,3.5006E+03,4.1585E+03,-1.9912E-02,-9.5135E+01,7.0940E+01,-8.2292E+01
613,4.936,3.5008E+03,4.1588E+03,-1.9518E-02,-9.5321E+01,7.2697E+01,-8.2651E+01
614,4.946,3.5010E+03,4.1590E+03,-1.9028E-02,-9.5356E+01,7.4459E+01,-8.2968E+01
615,4.956,3.5011E+03,4.1592E+03,-1.8638E-02,-9.5515E+01,7.6219E+01,-8.3242E+01
616,4.960,3.5012E+03,4.1592E+03,-1.8041E-02,-9.4725E+01,7.6927E+01,-8.3338E+01
617,4.966,3.5013E+03,4.1593E+03,-1.7734E-02,-9.4682E+01,7.7972E+01,-8.3466E+01
618,4.976,3.5013E+03,4.1594E+03,-1.7257E-02,-9.4896E+01,7.9732E+01,-8.3649E+01
619,4.986,3.5014E+03,4.1595E+03,-1.6933E-02,-9.4727E+01,8.1483E+01,-8.3789E+01
620,4.996,3.5014E+03,4.1595E+03,-1.6576E-02,-9.4947E+01,8.3232E+01,-8.4002E+01
621,5.000,3.5014E+03,4.1595E+03,-1.6443E-02,-9.5125E+01,8.3915E+01,-8.4195E+01